<theme><version>1, 6, 7, 28</version><target-hardware>Enseo Alchemy Efx</target-hardware><video-mode><video-mode-id>NTSC</video-mode-id><video-mode-name>NTSC 720x480</video-mode-name><video-mode-width>720</video-mode-width><video-mode-height>480</video-mode-height><video-mode-format>DISPLAY_FORMAT_COMPOSITE</video-mode-format></video-mode><preview-info><preview-surfaces><preview-surface><surface-type>SURFACE_TYPE_VIDEO</surface-type><position><rect><top>0</top><left>9</left><bottom>479</bottom><right>708</right></rect></position><z-order>0</z-order></preview-surface></preview-surfaces><playlist-duration><ctimespan><days>0</days><hours>0</hours><minutes>0</minutes><seconds>0</seconds></ctimespan></playlist-duration><bitmap-sequence-duration><ctimespan><days>0</days><hours>0</hours><minutes>0</minutes><seconds>0</seconds></ctimespan></bitmap-sequence-duration></preview-info><theme-info><audio-source>AUDIO_MPEG_DEC</audio-source><audio-volume-percentage>75</audio-volume-percentage><background-effect>BACKGROUND_EFFECT_COLOUR</background-effect><background-color><colorref><red>0</red><green>0</green><blue>0</blue></colorref></background-color><content-item><managed-pathname></managed-pathname></content-item><play-mode>PLAY_BOTH</play-mode><mpeg-playlist><content-item><managed-pathname>video\noodles.mpg</managed-pathname><ctimespan><days>0</days><hours>0</hours><minutes>0</minutes><seconds>20</seconds></ctimespan></content-item></mpeg-playlist><surface-list><video-surface><base-surface><window-name>Video 1</window-name><surface-id>55C58D8D-164C-4D9D-B6EA-2115ACFAF967</surface-id><content-item><managed-pathname></managed-pathname></content-item><position><rect><top>0</top><left>9</left><bottom>479</bottom><right>708</right></rect></position><visible>TRUE</visible><source-file></source-file><z-order-index>0</z-order-index><allow-flicker-filter>FALSE</allow-flicker-filter><number-flicker-filter-passes>0</number-flicker-filter-passes><allow-blending>FALSE</allow-blending><blending-info><blending-option>BLENDING_OPTION_NONE</blending-option><blending-opacity-percentage>100</blending-opacity-percentage><blending-effect-info><blending-effect>BLENDING_EFFECT_FULL_SURFACE_BLEND</blending-effect><blending-colorkey><colorref><red>0</red><green>0</green><blue>0</blue></colorref></blending-colorkey><blending-colorkey-opacity-percentage>0</blending-colorkey-opacity-percentage></blending-effect-info></blending-info></base-surface><video-source>VIDEO_MPEG_DEC</video-source><analog-video-in-format>ANALOG_VIDEO_IN_FORMAT_COMPOSITE</analog-video-in-format><video-port>VIDEO_PORT_RGB</video-port><cropping-rect><rect><top>0</top><left>8</left><bottom>479</bottom><right>711</right></rect></cropping-rect></video-surface></surface-list><video-count>2</video-count><text-count>3</text-count><graphics-count>1</graphics-count><datetime-count>1</datetime-count><tickertape-count>2</tickertape-count><web-count>1</web-count><eventboard-count>2</eventboard-count></theme-info></theme>
