<theme><version>1, 6, 7, 28</version><target-hardware>Enseo Alchemy Efx</target-hardware><video-mode><video-mode-id>NTSC</video-mode-id><video-mode-name>NTSC 720x480</video-mode-name><video-mode-width>720</video-mode-width><video-mode-height>480</video-mode-height><video-mode-format>DISPLAY_FORMAT_COMPOSITE</video-mode-format></video-mode><preview-info><preview-surfaces><preview-surface><surface-type>SURFACE_TYPE_WEB</surface-type><position><rect><top>0</top><left>0</left><bottom>479</bottom><right>719</right></rect></position><z-order>0</z-order></preview-surface></preview-surfaces><playlist-duration><ctimespan><days>0</days><hours>0</hours><minutes>0</minutes><seconds>0</seconds></ctimespan></playlist-duration><bitmap-sequence-duration><ctimespan><days>0</days><hours>0</hours><minutes>0</minutes><seconds>0</seconds></ctimespan></bitmap-sequence-duration></preview-info><theme-info><audio-source>AUDIO_MPEG_DEC</audio-source><audio-volume-percentage>75</audio-volume-percentage><background-effect>BACKGROUND_EFFECT_COLOUR</background-effect><background-color><colorref><red>0</red><green>0</green><blue>0</blue></colorref></background-color><content-item><managed-pathname></managed-pathname></content-item><play-mode>PLAY_BOTH</play-mode><mpeg-playlist/><surface-list><web-surface><base-surface><window-name>Web 1</window-name><surface-id>0BAF57A6-CCC1-47A8-83D2-F4C2D05029CC</surface-id><content-item><managed-pathname>video\subway_720x480.gif</managed-pathname></content-item><position><rect><top>0</top><left>0</left><bottom>479</bottom><right>719</right></rect></position><visible>TRUE</visible><source-file>about:blank</source-file><z-order-index>0</z-order-index><allow-flicker-filter>TRUE</allow-flicker-filter><number-flicker-filter-passes>0</number-flicker-filter-passes><allow-blending>TRUE</allow-blending><blending-info><blending-option>BLENDING_OPTION_NONE</blending-option><blending-opacity-percentage>100</blending-opacity-percentage><blending-effect-info><blending-effect>BLENDING_EFFECT_FULL_SURFACE_BLEND</blending-effect><blending-colorkey><colorref><red>0</red><green>0</green><blue>0</blue></colorref></blending-colorkey><blending-colorkey-opacity-percentage>0</blending-colorkey-opacity-percentage></blending-effect-info></blending-info></base-surface><content-rect><rect><top>15</top><left>9</left><bottom>495</bottom><right>729</right></rect></content-rect><browser-rect><rect><top>-2</top><left>-2</left><bottom>541</bottom><right>878</right></rect></browser-rect><content-refresh-rate>20000</content-refresh-rate></web-surface></surface-list><video-count>1</video-count><text-count>3</text-count><graphics-count>1</graphics-count><datetime-count>1</datetime-count><tickertape-count>2</tickertape-count><web-count>2</web-count><eventboard-count>1</eventboard-count></theme-info></theme>
